{"cameraMode":{"drawMode":0,"name":"Shaded","section":"Shading Mode"},"sceneLighting":true,"audioPlay":false,"sceneViewState":{"showFog":true,"showMaterialUpdate":false,"showSkybox":true,"showFlares":true,"showImageEffects":true,"showParticleSystems":true,"showVisualEffectGraphs":true,"m_FxEnabled":true},"in2DMode":false,"pivot":{"x":38.17550277709961,"y":5.6326751708984379,"z":-13.431225776672364},"rotation":{"x":-0.09502790123224259,"y":0.15228432416915894,"z":-0.014712018892168999,"w":-0.9836419820785523},"size":14.555110931396485,"orthographic":false}